model_name	asa	resolution	halide	id	n_chain	atom_name	residue_aa	distance	angle	atom_type	chain_index	secondary_structure
3HFW	0.1632938598498263	1.92	CL	2817	1	N	LEU	3.237	132.613	PROTEIN	A	G
3HFW	0.1632938598498263	1.92	CL	2817	1	NZ	LYS	4.721	109.168	PROTEIN	A	H
3HFW	0.1632938598498263	1.92	CL	2817	1	ND1	HIS	4.918	13.816	PROTEIN	A	H
3HFW	0.1632938598498263	1.92	CL	2817	1	NE2	HIS	2.979	-1.000	PROTEIN	A	H
3HFW	0.1632938598498263	1.92	CL	2817	1	O	HOH	4.980	162.239	WATER	A	nan
3HFW	0.1632938598498263	1.92	CL	2817	1	O	HOH	3.039	107.254	WATER	A	nan
4C1L	0.05538819651576322	1.8	CL	4265	1	N	ALA	4.705	90.943	PROTEIN	A	G
4C1L	0.05538819651576322	1.8	CL	4265	1	NZ	LYS	2.807	138.659	PROTEIN	A	E
4C1L	0.05538819651576322	1.8	CL	4265	1	NE	ARG	2.968	97.319	PROTEIN	A	-
4C1L	0.05538819651576322	1.8	CL	4265	1	NH1	ARG	4.950	80.737	PROTEIN	A	-
4C1L	0.05538819651576322	1.8	CL	4265	1	NH2	ARG	3.384	58.446	PROTEIN	A	-
4C1L	0.05538819651576322	1.8	CL	4265	1	OD2	ASP	4.462	131.153	PROTEIN	A	-
4C1L	0.05538819651576322	1.8	CL	4265	1	ND1	HIS	3.828	94.038	PROTEIN	A	H
4C1L	0.05538819651576322	1.8	CL	4265	1	NE2	HIS	4.239	67.750	PROTEIN	A	H
4C1L	0.05538819651576322	1.8	CL	4265	1	O	HOH	4.566	102.352	WATER	A	nan
4C1L	0.05538819651576322	1.8	CL	4265	1	O	HOH	4.190	69.815	WATER	A	nan
4C1L	0.05538819651576322	1.8	CL	4265	1	O	HOH	2.672	77.091	WATER	A	nan
4C1L	0.05538819651576322	1.8	CL	4265	1	O	HOH	1.879	-1.000	WATER	A	nan
1ROC	0.3713165072135478	1.5	BR	1244	1	NE	ARG	4.105	69.566	PROTEIN	A	E
1ROC	0.3713165072135478	1.5	BR	1244	1	O	ASN	4.513	70.411	PROTEIN	A	-
1ROC	0.3713165072135478	1.5	BR	1244	1	N	ILE	4.982	46.394	PROTEIN	A	-
1ROC	0.3713165072135478	1.5	BR	1244	1	N	VAL	3.444	-1.000	PROTEIN	A	-
1ROC	0.3713165072135478	1.5	BR	1244	1	O	VAL	4.915	33.147	PROTEIN	A	-
1ROC	0.3713165072135478	1.5	BR	1244	1	O	HOH	4.798	105.629	WATER	A	nan
1ROC	0.5573585108277769	1.5	BR	1245	1	OD1	ASN	4.475	30.332	PROTEIN	A	S
1ROC	0.5573585108277769	1.5	BR	1245	1	ND2	ASN	3.858	-1.000	PROTEIN	A	S
1ROC	0.5573585108277769	1.5	BR	1245	1	OE1	GLU	4.592	43.850	PROTEIN	A	E
1ROC	0.5573585108277769	1.5	BR	1245	1	O	HOH	3.915	69.648	WATER	A	nan
1W99	0.36525325709575734	1.75	BR	4625	1	NE	ARG	4.972	89.845	PROTEIN	A	T
1W99	0.36525325709575734	1.75	BR	4625	1	OE1	GLU	4.909	95.806	PROTEIN	A	-
1W99	0.36525325709575734	1.75	BR	4625	1	N	TYR	3.360	-1.000	PROTEIN	A	E
1W99	0.36525325709575734	1.75	BR	4625	1	O	TYR	3.879	45.627	PROTEIN	A	E
1W99	0.36525325709575734	1.75	BR	4625	1	O	HOH	4.032	62.174	WATER	A	nan
1W99	0.30584875594170896	1.75	BR	4626	1	O	VAL	4.705	74.492	PROTEIN	A	S
1W99	0.30584875594170896	1.75	BR	4626	1	N	HIS	4.949	47.747	PROTEIN	A	-
1W99	0.30584875594170896	1.75	BR	4626	1	N	LEU	3.336	-1.000	PROTEIN	A	-
1W99	0.30584875594170896	1.75	BR	4626	1	OH	TYR	4.455	99.937	PROTEIN	A	E
1W99	0.30584875594170896	1.75	BR	4626	1	O	HOH	4.956	104.895	WATER	A	nan
1W99	0.30584875594170896	1.75	BR	4626	1	O	HOH	3.480	90.527	WATER	A	nan
1W99	0.30584875594170896	1.75	BR	4626	1	O	HOH	3.341	107.935	WATER	A	nan
1W99	0.5425457605400102	1.75	BR	4627	1	O	SER	4.638	35.117	PROTEIN	A	E
1W99	0.5425457605400102	1.75	BR	4627	1	N	GLY	3.464	77.825	PROTEIN	A	E
1W99	0.5425457605400102	1.75	BR	4627	1	O	GLY	3.813	113.888	PROTEIN	A	E
1W99	0.5425457605400102	1.75	BR	4627	1	O	HOH	4.567	36.579	WATER	A	nan
1W99	0.5425457605400102	1.75	BR	4627	1	O	HOH	4.951	37.427	WATER	A	nan
1W99	0.5425457605400102	1.75	BR	4627	1	O	HOH	3.413	-1.000	WATER	A	nan
1W99	0.29886450580602625	1.75	BR	4628	1	O	PRO	4.064	129.391	PROTEIN	A	T
1W99	0.29886450580602625	1.75	BR	4628	1	N	ALA	3.425	67.008	PROTEIN	A	-
1W99	0.29886450580602625	1.75	BR	4628	1	O	ALA	4.848	32.159	PROTEIN	A	-
1W99	0.29886450580602625	1.75	BR	4628	1	O	HOH	3.542	154.078	WATER	A	nan
1W99	0.29886450580602625	1.75	BR	4628	1	O	HOH	3.369	80.694	WATER	A	nan
1W99	0.29886450580602625	1.75	BR	4628	1	O	HOH	3.434	117.948	WATER	A	nan
1W99	0.29886450580602625	1.75	BR	4628	1	O	HOH	3.281	-1.000	WATER	A	nan
1W99	0.3952625076787456	1.75	BR	4629	1	OE1	GLN	4.961	110.755	PROTEIN	A	E
1W99	0.3952625076787456	1.75	BR	4629	1	NE2	GLN	3.879	104.439	PROTEIN	A	E
1W99	0.3952625076787456	1.75	BR	4629	1	OG	SER	4.174	67.616	PROTEIN	A	-
1W99	0.3952625076787456	1.75	BR	4629	1	N	ILE	3.331	-1.000	PROTEIN	A	-
1W99	0.3952625076787456	1.75	BR	4629	1	O	ILE	4.614	38.498	PROTEIN	A	-
1W99	0.3952625076787456	1.75	BR	4629	1	O	HOH	4.742	70.210	WATER	A	nan
1W99	0.6062482617775555	1.75	BR	4631	1	N	GLN	4.496	85.621	PROTEIN	A	T
1W99	0.6062482617775555	1.75	BR	4631	1	O	GLN	4.355	114.105	PROTEIN	A	T
1W99	0.6062482617775555	1.75	BR	4631	1	N	GLY	4.664	121.388	PROTEIN	A	T
1W99	0.6062482617775555	1.75	BR	4631	1	O	HOH	3.268	-1.000	WATER	A	nan
1W99	0.6062482617775555	1.75	BR	4631	1	O	HOH	4.847	75.380	WATER	A	nan
1W99	0.33478350650382294	1.75	BR	4632	1	ND2	ASN	3.471	-1.000	PROTEIN	A	-
1W99	0.33478350650382294	1.75	BR	4632	1	NE	ARG	4.816	98.843	PROTEIN	A	-
1W99	0.33478350650382294	1.75	BR	4632	1	OE1	GLN	4.854	79.528	PROTEIN	A	E
1W99	0.33478350650382294	1.75	BR	4632	1	NE2	GLN	4.164	57.415	PROTEIN	A	E
1W99	0.4521342587835903	1.75	BR	4633	1	O	LEU	4.781	170.057	PROTEIN	A	E
1W99	0.4521342587835903	1.75	BR	4633	1	N	ALA	4.971	148.149	PROTEIN	A	E
1W99	0.4521342587835903	1.75	BR	4633	1	N	SER	3.342	107.771	PROTEIN	A	E
1W99	0.4521342587835903	1.75	BR	4633	1	N	SER	3.342	107.770	PROTEIN	A	E
1W99	0.4521342587835903	1.75	BR	4633	1	N	SER	3.347	107.683	PROTEIN	A	E
1W99	0.4521342587835903	1.75	BR	4633	1	O	SER	3.753	62.094	PROTEIN	A	E
1W99	0.4521342587835903	1.75	BR	4633	1	O	SER	3.759	62.157	PROTEIN	A	E
1W99	0.4521342587835903	1.75	BR	4633	1	O	SER	3.755	62.363	PROTEIN	A	E
1W99	0.4521342587835903	1.75	BR	4633	1	OG	SER	4.594	98.467	PROTEIN	A	E
1W99	0.4521342587835903	1.75	BR	4633	1	O	HOH	3.486	112.453	WATER	A	nan
1W99	0.4521342587835903	1.75	BR	4633	1	O	HOH	4.894	153.801	WATER	A	nan
1W99	0.4521342587835903	1.75	BR	4633	1	O	HOH	3.224	-1.000	WATER	A	nan
6RBL	0.39852482858902805	1.9	CL	1662	1	O	SER	4.486	52.871	PROTEIN	A	-
6RBL	0.39852482858902805	1.9	CL	1662	1	NE	ARG	4.828	78.912	PROTEIN	A	-
6RBL	0.39852482858902805	1.9	CL	1662	1	NH2	ARG	3.460	81.100	PROTEIN	A	-
6RBL	0.39852482858902805	1.9	CL	1662	1	N	LEU	3.077	-1.000	PROTEIN	A	-
6RBL	0.39852482858902805	1.9	CL	1662	1	N	ASN	4.462	38.948	PROTEIN	A	S
6RBL	0.39852482858902805	1.9	CL	1662	1	O	HOH	4.926	117.130	WATER	A	nan
1W99	0.5264282602268964	1.75	BR	4634	1	NE	ARG	4.766	26.007	PROTEIN	A	E
1W99	0.5264282602268964	1.75	BR	4634	1	NH1	ARG	3.313	-1.000	PROTEIN	A	E
1W99	0.5264282602268964	1.75	BR	4634	1	NE	ARG	4.140	93.851	PROTEIN	A	E
1W99	0.5264282602268964	1.75	BR	4634	1	O	HOH	4.860	63.706	WATER	A	nan
1W99	0.5264282602268964	1.75	BR	4634	1	O	HOH	4.113	53.680	WATER	A	nan
1W99	0.23585275458190005	1.75	BR	4635	1	O	ASN	4.781	152.020	PROTEIN	A	T
1W99	0.23585275458190005	1.75	BR	4635	1	O	THR	4.275	140.824	PROTEIN	A	S
1W99	0.23585275458190005	1.75	BR	4635	1	N	PRO	3.630	147.938	PROTEIN	A	T
1W99	0.23585275458190005	1.75	BR	4635	1	N	ASN	3.424	98.457	PROTEIN	A	T
1W99	0.23585275458190005	1.75	BR	4635	1	ND2	ASN	4.562	62.253	PROTEIN	A	T
1W99	0.23585275458190005	1.75	BR	4635	1	N	GLN	3.736	95.439	PROTEIN	A	-
1W99	0.23585275458190005	1.75	BR	4635	1	OE1	GLN	3.823	45.254	PROTEIN	A	-
1W99	0.23585275458190005	1.75	BR	4635	1	O	HOH	3.305	-1.000	WATER	A	nan
1W99	0.2609500050694631	1.75	BR	4637	1	O	LYS	4.661	120.533	PROTEIN	A	E
1W99	0.2609500050694631	1.75	BR	4637	1	NH1	ARG	4.847	35.284	PROTEIN	A	E
1W99	0.2609500050694631	1.75	BR	4637	1	NE2	GLN	3.426	133.566	PROTEIN	A	E
1W99	0.2609500050694631	1.75	BR	4637	1	O	HOH	3.119	-1.000	WATER	A	nan
1W99	0.42189475819612904	1.75	BR	4638	1	O	ALA	3.617	96.836	PROTEIN	A	H
1W99	0.42189475819612904	1.75	BR	4638	1	N	HIS	3.773	111.947	PROTEIN	A	H
1W99	0.42189475819612904	1.75	BR	4638	1	ND1	HIS	4.981	169.117	PROTEIN	A	H
1W99	0.42189475819612904	1.75	BR	4638	1	OG1	THR	3.406	85.548	PROTEIN	A	H
1W99	0.42189475819612904	1.75	BR	4638	1	O	HOH	3.064	-1.000	WATER	A	nan
1W99	0.42189475819612904	1.75	BR	4638	1	O	HOH	4.649	62.404	WATER	A	nan
1W99	0.42189475819612904	1.75	BR	4638	1	O	HOH	4.887	30.711	WATER	A	nan
1W99	0.42189475819612904	1.75	BR	4638	1	O	HOH	3.506	96.779	WATER	A	nan
1W99	0.42189475819612904	1.75	BR	4638	1	O	HOH	4.884	125.595	WATER	A	nan
1W99	0.42189475819612904	1.75	BR	4638	1	O	HOH	3.562	147.166	WATER	A	nan
1W99	0.48199000936359654	1.75	BR	4639	1	O	ARG	4.047	74.592	PROTEIN	A	-
1W99	0.48199000936359654	1.75	BR	4639	1	N	VAL	4.783	48.788	PROTEIN	A	-
1W99	0.48199000936359654	1.75	BR	4639	1	N	TRP	3.322	-1.000	PROTEIN	A	T
1W99	0.48199000936359654	1.75	BR	4639	1	NE1	TRP	4.879	61.160	PROTEIN	A	T
1W99	0.43954725853906335	1.75	BR	4640	1	O	SER	4.481	54.927	PROTEIN	A	-
1W99	0.43954725853906335	1.75	BR	4640	1	N	SER	3.229	-1.000	PROTEIN	A	-
1W99	0.43954725853906335	1.75	BR	4640	1	OG	SER	3.570	52.302	PROTEIN	A	-
1W99	0.43954725853906335	1.75	BR	4640	1	O	HOH	4.370	91.249	WATER	A	nan
1W99	0.43954725853906335	1.75	BR	4640	1	O	HOH	4.505	89.855	WATER	A	nan
1W99	0.41253125801422474	1.75	BR	4641	1	O	PHE	4.279	-1.000	PROTEIN	A	T
1W99	0.41253125801422474	1.75	BR	4641	1	N	MET	4.950	26.929	PROTEIN	A	T
1W99	0.41253125801422474	1.75	BR	4641	1	O	MET	4.490	58.822	PROTEIN	A	T
1W99	0.41253125801422474	1.75	BR	4641	1	SD	MET	4.904	84.352	PROTEIN	A	T
1W99	0.3773797573313383	1.75	BR	4642	1	O	SER	3.833	81.213	PROTEIN	A	-
1W99	0.3773797573313383	1.75	BR	4642	1	OG	SER	3.668	125.384	PROTEIN	A	-
1W99	0.3773797573313383	1.75	BR	4642	1	N	ARG	3.581	60.635	PROTEIN	A	-
1W99	0.3773797573313383	1.75	BR	4642	1	O	ARG	3.944	34.545	PROTEIN	A	-
1W99	0.3773797573313383	1.75	BR	4642	1	N	PRO	3.503	-1.000	PROTEIN	A	G
1W99	0.21896775425387596	1.75	BR	4644	1	O	THR	4.192	111.111	PROTEIN	A	S
1W99	0.21896775425387596	1.75	BR	4644	1	N	ARG	4.788	83.230	PROTEIN	A	-
1W99	0.21896775425387596	1.75	BR	4644	1	N	ASP	4.053	78.162	PROTEIN	A	-
1W99	0.21896775425387596	1.75	BR	4644	1	OD2	ASP	4.552	109.097	PROTEIN	A	-
1W99	0.21896775425387596	1.75	BR	4644	1	OH	TYR	3.666	80.641	PROTEIN	A	E
1W99	0.21896775425387596	1.75	BR	4644	1	OH	TYR	4.887	49.943	PROTEIN	A	E
1W99	0.21896775425387596	1.75	BR	4644	1	NZ	LYS	3.057	136.000	PROTEIN	A	E
1W99	0.21896775425387596	1.75	BR	4644	1	O	HOH	2.935	-1.000	WATER	A	nan
1W99	0.21896775425387596	1.75	BR	4644	1	O	HOH	4.124	39.783	WATER	A	nan
1W99	0.21896775425387596	1.75	BR	4644	1	O	HOH	4.789	85.102	WATER	A	nan
1W99	0.21896775425387596	1.75	BR	4644	1	O	HOH	4.958	28.517	WATER	A	nan
1W99	0.21896775425387596	1.75	BR	4644	1	O	HOH	4.301	167.908	WATER	A	nan
1W99	0.47454525921896773	1.75	BR	4645	1	O	ARG	3.500	69.610	PROTEIN	A	T
1W99	0.47454525921896773	1.75	BR	4645	1	N	ARG	4.044	83.089	PROTEIN	A	T
1W99	0.47454525921896773	1.75	BR	4645	1	NE	ARG	4.588	93.729	PROTEIN	A	T
1W99	0.47454525921896773	1.75	BR	4645	1	O	HOH	3.160	158.285	WATER	A	nan
1W99	0.47454525921896773	1.75	BR	4645	1	O	HOH	4.713	73.365	WATER	A	nan
1W99	0.47454525921896773	1.75	BR	4645	1	O	HOH	4.636	32.760	WATER	A	nan
1W99	0.47454525921896773	1.75	BR	4645	1	O	HOH	3.107	-1.000	WATER	A	nan
6RBL	0.3974271966458803	1.9	CL	1663	1	ND2	ASN	3.205	-1.000	PROTEIN	A	S
6RBL	0.3974271966458803	1.9	CL	1663	1	N	ARG	3.764	74.496	PROTEIN	A	H
6RBL	0.3974271966458803	1.9	CL	1663	1	N	GLU	3.248	72.849	PROTEIN	A	H
6RBL	0.3974271966458803	1.9	CL	1663	1	OE1	GLU	4.736	72.967	PROTEIN	A	H
6RBL	0.3974271966458803	1.9	CL	1663	1	O	HOH	4.324	93.778	WATER	A	nan
1W99	0.4047795078636319	1.75	BR	4646	1	O	GLY	4.431	102.169	PROTEIN	A	S
1W99	0.4047795078636319	1.75	BR	4646	1	O	MET	4.714	56.752	PROTEIN	A	-
1W99	0.4047795078636319	1.75	BR	4646	1	N	THR	4.947	47.780	PROTEIN	A	-
1W99	0.4047795078636319	1.75	BR	4646	1	N	SER	3.383	-1.000	PROTEIN	A	T
1W99	0.4047795078636319	1.75	BR	4646	1	OG	SER	3.954	45.298	PROTEIN	A	T
1W99	0.42473450825129677	1.75	BR	4648	1	O	THR	4.207	85.268	PROTEIN	A	H
1W99	0.42473450825129677	1.75	BR	4648	1	N	ALA	4.055	59.094	PROTEIN	A	H
1W99	0.42473450825129677	1.75	BR	4648	1	O	ALA	4.782	99.189	PROTEIN	A	H
1W99	0.42473450825129677	1.75	BR	4648	1	OG1	THR	3.917	123.933	PROTEIN	A	H
1W99	0.42473450825129677	1.75	BR	4648	1	O	HOH	4.419	64.676	WATER	A	nan
1W99	0.42473450825129677	1.75	BR	4648	1	O	HOH	4.844	30.693	WATER	A	nan
1W99	0.42473450825129677	1.75	BR	4648	1	O	HOH	3.647	120.861	WATER	A	nan
1W99	0.42473450825129677	1.75	BR	4648	1	O	HOH	3.339	-1.000	WATER	A	nan
1W99	0.20860650405258846	1.75	BR	4649	1	NZ	LYS	4.652	128.960	PROTEIN	A	H
1W99	0.20860650405258846	1.75	BR	4649	1	O	ILE	4.289	65.192	PROTEIN	A	S
1W99	0.20860650405258846	1.75	BR	4649	1	OD1	ASP	4.665	43.479	PROTEIN	A	-
1W99	0.20860650405258846	1.75	BR	4649	1	N	ASN	3.373	-1.000	PROTEIN	A	T
1W99	0.20860650405258846	1.75	BR	4649	1	OD1	ASN	3.800	71.727	PROTEIN	A	T
1W99	0.20860650405258846	1.75	BR	4649	1	ND2	ASN	4.047	45.873	PROTEIN	A	T
1W99	0.20860650405258846	1.75	BR	4649	1	N	THR	4.948	32.716	PROTEIN	A	T
1W99	0.20860650405258846	1.75	BR	4649	1	O	HOH	3.832	86.699	WATER	A	nan
3FPJ	0.47746175927562645	1.8	BR	4240	1	NE	ARG	4.946	110.584	PROTEIN	A	H
3FPJ	0.47746175927562645	1.8	BR	4240	1	NH1	ARG	3.908	86.755	PROTEIN	A	H
3FPJ	0.47746175927562645	1.8	BR	4240	1	O	HOH	4.735	30.053	WATER	A	nan
3FPJ	0.47746175927562645	1.8	BR	4240	1	O	HOH	4.301	57.652	WATER	A	nan
3FPJ	0.47746175927562645	1.8	BR	4240	1	O	HOH	3.524	149.273	WATER	A	nan
3FPJ	0.47746175927562645	1.8	BR	4240	1	O	HOH	3.276	-1.000	WATER	A	nan
3FPJ	0.0450522508752279	1.8	BR	4241	2	OD1	ASP	4.433	77.644	PROTEIN	A	-
3FPJ	0.0450522508752279	1.8	BR	4241	2	N	PHE	4.343	40.499	PROTEIN	A	H
3FPJ	0.0450522508752279	1.8	BR	4241	2	N	GLU	4.326	78.340	PROTEIN	A	H
3FPJ	0.0450522508752279	1.8	BR	4241	2	OE2	GLU	4.933	125.405	PROTEIN	A	H
3FPJ	0.0450522508752279	1.8	BR	4241	2	NH2	ARG	3.865	117.576	PROTEIN	B	E
3FPJ	0.0450522508752279	1.8	BR	4241	2	O	HOH	3.418	-1.000	WATER	A	nan
3FPJ	0.0450522508752279	1.8	BR	4241	2	O	HOH	4.158	162.821	WATER	B	nan
3FPJ	0.3535872568691225	1.8	BR	4288	1	N	SER	4.961	90.756	PROTEIN	B	S
3FPJ	0.3535872568691225	1.8	BR	4288	1	O	SER	4.123	48.474	PROTEIN	B	S
3FPJ	0.3535872568691225	1.8	BR	4288	1	OG	SER	4.906	72.345	PROTEIN	B	S
3FPJ	0.3535872568691225	1.8	BR	4288	1	N	PRO	4.144	68.926	PROTEIN	B	H
3FPJ	0.3535872568691225	1.8	BR	4288	1	N	TRP	3.911	42.766	PROTEIN	B	H
3FPJ	0.3535872568691225	1.8	BR	4288	1	N	GLU	3.795	-1.000	PROTEIN	B	H
3FPJ	0.3535872568691225	1.8	BR	4288	1	OE1	GLU	4.847	68.859	PROTEIN	B	H
4MY6	0.3192032562011462	1.7	BR	1803	1	NE2	HIS	4.071	107.932	PROTEIN	A	E
4MY6	0.3192032562011462	1.7	BR	1803	1	O	HIS	4.597	57.075	PROTEIN	A	E
4MY6	0.3192032562011462	1.7	BR	1803	1	N	THR	4.926	48.384	PROTEIN	A	T
4MY6	0.3192032562011462	1.7	BR	1803	1	N	GLY	3.449	-1.000	PROTEIN	A	T
4MY6	0.3192032562011462	1.7	BR	1803	1	O	GLY	4.444	46.658	PROTEIN	A	T
4MY6	0.3192032562011462	1.7	BR	1803	1	N	ASN	4.995	36.096	PROTEIN	A	T
4MY6	0.3192032562011462	1.7	BR	1803	1	N	ASN	3.934	64.797	PROTEIN	A	T
4MY6	0.3192032562011462	1.7	BR	1803	1	OD1	ASN	3.976	126.002	PROTEIN	A	T
4MY6	0.752457014617946	1.7	BR	1804	1	NE2	GLN	4.179	-1.000	PROTEIN	A	E
4MY6	0.752457014617946	1.7	BR	1804	1	O	HOH	4.186	44.941	WATER	A	nan
6RBL	0.6373864260632569	1.9	CL	1665	1	N	SER	4.898	47.656	PROTEIN	A	-
6RBL	0.6373864260632569	1.9	CL	1665	1	N	ARG	3.722	-1.000	PROTEIN	A	-
1W50	0.06899780769879856	1.75	I	2968	1	O	ILE	4.484	120.205	PROTEIN	A	E
1W50	0.06899780769879856	1.75	I	2968	1	N	THR	4.779	110.937	PROTEIN	A	E
1W50	0.06899780769879856	1.75	I	2968	1	O	THR	4.074	125.061	PROTEIN	A	E
1W50	0.06899780769879856	1.75	I	2968	1	N	GLU	3.793	97.153	PROTEIN	A	E
1W50	0.06899780769879856	1.75	I	2968	1	O	GLU	4.547	61.639	PROTEIN	A	E
1W50	0.06899780769879856	1.75	I	2968	1	N	SER	3.808	47.460	PROTEIN	A	E
1W50	0.06899780769879856	1.75	I	2968	1	OG	SER	3.547	-1.000	PROTEIN	A	E
1W50	0.06899780769879856	1.75	I	2968	1	O	HOH	3.402	116.901	WATER	A	nan
1W50	0.06899780769879856	1.75	I	2968	1	O	HOH	3.585	71.066	WATER	A	nan
6RBL	0.31105200604279226	1.9	CL	1664	1	O	LEU	4.849	112.076	PROTEIN	A	-
6RBL	0.31105200604279226	1.9	CL	1664	1	N	THR	4.904	90.400	PROTEIN	A	-
6RBL	0.31105200604279226	1.9	CL	1664	1	OG1	THR	4.988	56.629	PROTEIN	A	-
6RBL	0.31105200604279226	1.9	CL	1664	1	N	THR	3.218	71.944	PROTEIN	A	H
6RBL	0.31105200604279226	1.9	CL	1664	1	OG1	THR	3.526	59.514	PROTEIN	A	H
6RBL	0.31105200604279226	1.9	CL	1664	1	N	ARG	4.878	40.287	PROTEIN	A	H
6RBL	0.31105200604279226	1.9	CL	1664	1	N	LYS	4.867	137.664	PROTEIN	A	H
6RBL	0.31105200604279226	1.9	CL	1664	1	O	HOH	3.785	82.613	WATER	A	nan
6RBL	0.31105200604279226	1.9	CL	1664	1	O	HOH	3.126	112.238	WATER	A	nan
6RBL	0.31105200604279226	1.9	CL	1664	1	O	HOH	3.009	-1.000	WATER	A	nan
6RBL	0.31105200604279226	1.9	CL	1664	1	O	HOH	4.915	31.878	WATER	A	nan
1W50	0.2519284115399292	1.75	I	2969	1	NE2	HIS	3.743	131.372	PROTEIN	A	-
1W50	0.2519284115399292	1.75	I	2969	1	O	SER	4.201	75.035	PROTEIN	A	E
1W50	0.2519284115399292	1.75	I	2969	1	N	ASP	4.700	46.593	PROTEIN	A	E
1W50	0.2519284115399292	1.75	I	2969	1	OD1	ASP	4.703	55.335	PROTEIN	A	E
1W50	0.2519284115399292	1.75	I	2969	1	N	LYS	3.578	-1.000	PROTEIN	A	S
1W50	0.2519284115399292	1.75	I	2969	1	O	HOH	3.483	62.243	WATER	A	nan
1W50	0.2519284115399292	1.75	I	2969	1	O	HOH	3.771	115.659	WATER	A	nan
1W50	0.2519284115399292	1.75	I	2969	1	O	HOH	2.933	78.427	WATER	A	nan
1W50	0.2519284115399292	1.75	I	2969	1	O	HOH	2.506	66.330	WATER	A	nan
1W50	0.2519284115399292	1.75	I	2969	1	O	HOH	3.704	58.511	WATER	A	nan
1W50	0.27426296200890443	1.75	I	2970	1	O	ARG	3.536	-1.000	PROTEIN	A	E
1W50	0.27426296200890443	1.75	I	2970	1	N	ASN	4.930	61.134	PROTEIN	A	E
1W50	0.27426296200890443	1.75	I	2970	1	OD1	ASN	4.876	101.668	PROTEIN	A	E
1W50	0.27426296200890443	1.75	I	2970	1	ND2	ASN	4.865	103.605	PROTEIN	A	E
1W50	0.27426296200890443	1.75	I	2970	1	OE1	GLU	3.658	94.943	PROTEIN	A	-
1W50	0.27426296200890443	1.75	I	2970	1	OG	SER	4.121	64.459	PROTEIN	A	H
1W50	0.27426296200890443	1.75	I	2970	1	NE2	GLN	3.989	43.857	PROTEIN	A	H
1W50	0.27426296200890443	1.75	I	2970	1	O	HOH	4.358	140.031	WATER	A	nan
1W50	0.27426296200890443	1.75	I	2970	1	O	HOH	4.073	83.302	WATER	A	nan
1W50	0.27426296200890443	1.75	I	2970	1	O	HOH	4.910	66.457	WATER	A	nan
1W50	0.27426296200890443	1.75	I	2970	1	O	HOH	4.221	76.944	WATER	A	nan
1W50	0.45646237520968175	1.75	I	2971	1	OD2	ASP	4.465	64.767	PROTEIN	A	E
1W50	0.45646237520968175	1.75	I	2971	1	NE	ARG	3.807	-1.000	PROTEIN	A	G
1W50	0.45646237520968175	1.75	I	2971	1	NH2	ARG	4.322	31.926	PROTEIN	A	G
1W50	0.45646237520968175	1.75	I	2971	1	NH2	ARG	4.068	66.150	PROTEIN	A	E
1W50	0.45646237520968175	1.75	I	2971	1	O	HOH	2.350	131.625	WATER	A	nan
1W50	0.45646237520968175	1.75	I	2971	1	O	HOH	3.940	103.240	WATER	A	nan
1W50	0.45646237520968175	1.75	I	2971	1	O	HOH	3.414	68.859	WATER	A	nan
3KZ8	0.15966544710261477	1.91	I	3473	1	NE	ARG	4.916	102.931	PROTEIN	A	E
3KZ8	0.15966544710261477	1.91	I	3473	1	NH1	ARG	4.467	122.222	PROTEIN	A	E
3KZ8	0.15966544710261477	1.91	I	3473	1	SD	MET	3.352	6.889	PROTEIN	A	E
3KZ8	0.15966544710261477	1.91	I	3473	1	SD	MET	3.236	-1.000	PROTEIN	A	E
3KZ8	0.15966544710261477	1.91	I	3473	1	OD2	ASP	4.872	149.354	PROTEIN	A	-
3KZ8	0.15966544710261477	1.91	I	3473	1	O	ARG	4.687	108.140	PROTEIN	A	-
3KZ8	0.15966544710261477	1.91	I	3473	1	O	HIS	4.580	69.844	PROTEIN	A	E
3KZ8	0.15966544710261477	1.91	I	3473	1	OG	SER	4.085	108.101	PROTEIN	A	E
3KZ8	0.15966544710261477	1.91	I	3473	1	O	HOH	3.273	92.748	WATER	A	nan
3KZ8	0.15966544710261477	1.91	I	3473	1	O	HOH	3.077	128.667	WATER	A	nan
3KZ8	0.15966544710261477	1.91	I	3473	1	O	HOH	4.743	41.841	WATER	A	nan
3KZ8	0.15966544710261477	1.91	I	3473	1	O	HOH	2.117	155.798	WATER	A	nan
3KZ8	0.15966544710261477	1.91	I	3473	1	O	HOH	4.818	161.041	WATER	A	nan
3KZ8	0.15966544710261477	1.91	I	3473	1	O	HOH	3.224	70.845	WATER	A	nan
3SSL	0.21776186707250872	1.45	I	3791	1	N	TRP	3.667	-1.000	PROTEIN	A	G
3SSL	0.21776186707250872	1.45	I	3791	1	O	LEU	4.653	114.688	PROTEIN	A	B
3SSL	0.21776186707250872	1.45	I	3791	1	O	HOH	2.092	113.578	WATER	A	nan
3SSL	0.21776186707250872	1.45	I	3791	1	O	HOH	2.714	98.087	WATER	A	nan
3SSL	0.21776186707250872	1.45	I	3791	1	O	HOH	3.846	102.882	WATER	A	nan
3SSL	0.21776186707250872	1.45	I	3791	1	O	HOH	3.245	110.141	WATER	A	nan
3SSL	0.21776186707250872	1.45	I	3791	1	O	HOH	4.445	102.953	WATER	A	nan
3SSL	0.21776186707250872	1.45	I	3791	1	O	HOH	3.402	58.106	WATER	A	nan
3SSL	0.4874382696101058	1.45	I	3792	1	OG1	THR	3.888	-1.000	PROTEIN	A	E
3SSL	0.4874382696101058	1.45	I	3792	1	O	HOH	2.667	60.165	WATER	A	nan
3SSL	0.4874382696101058	1.45	I	3792	1	O	HOH	4.775	113.574	WATER	A	nan
3SSL	0.22826442354303877	1.45	I	3793	1	O	TYR	4.707	92.921	PROTEIN	A	S
3SSL	0.22826442354303877	1.45	I	3793	1	N	ASN	4.911	97.692	PROTEIN	A	-
3SSL	0.22826442354303877	1.45	I	3793	1	N	TYR	3.707	109.393	PROTEIN	A	-
3SSL	0.22826442354303877	1.45	I	3793	1	O	TYR	4.447	117.040	PROTEIN	A	-
3SSL	0.22826442354303877	1.45	I	3793	1	O	SER	4.111	72.937	PROTEIN	A	E
3SSL	0.22826442354303877	1.45	I	3793	1	N	ALA	4.776	46.550	PROTEIN	A	E
3SSL	0.22826442354303877	1.45	I	3793	1	N	LEU	3.371	-1.000	PROTEIN	A	E
3SSL	0.22826442354303877	1.45	I	3793	1	O	LEU	4.122	42.321	PROTEIN	A	E
3SSL	0.22826442354303877	1.45	I	3793	1	O	HOH	2.813	106.989	WATER	A	nan
3SSL	0.22826442354303877	1.45	I	3793	1	O	HOH	4.074	60.841	WATER	A	nan
3SSL	0.22826442354303877	1.45	I	3793	1	O	HOH	2.958	158.707	WATER	A	nan
3SSL	0.22826442354303877	1.45	I	3793	1	O	HOH	3.861	159.970	WATER	A	nan
3SSL	0.22826442354303877	1.45	I	3793	1	O	HOH	3.143	88.123	WATER	A	nan
3SSL	0.19855149479413417	1.45	I	3794	1	O	PHE	3.526	91.936	PROTEIN	A	E
3SSL	0.19855149479413417	1.45	I	3794	1	N	PHE	4.996	115.579	PROTEIN	A	E
3SSL	0.19855149479413417	1.45	I	3794	1	O	PHE	4.944	146.605	PROTEIN	A	E
3SSL	0.19855149479413417	1.45	I	3794	1	N	LYS	3.735	130.005	PROTEIN	A	T
3SSL	0.19855149479413417	1.45	I	3794	1	O	LEU	4.909	92.631	PROTEIN	A	E
3SSL	0.19855149479413417	1.45	I	3794	1	N	ASP	4.613	53.963	PROTEIN	A	E
3SSL	0.19855149479413417	1.45	I	3794	1	N	ASP	4.679	54.816	PROTEIN	A	E
3SSL	0.19855149479413417	1.45	I	3794	1	OD1	ASP	4.646	5.282	PROTEIN	A	E
3SSL	0.19855149479413417	1.45	I	3794	1	OD2	ASP	2.495	-1.000	PROTEIN	A	E
3SSL	0.19855149479413417	1.45	I	3794	1	OD2	ASP	4.649	20.578	PROTEIN	A	E
3SSL	0.19855149479413417	1.45	I	3794	1	O	HOH	2.192	133.609	WATER	A	nan
3SSL	0.19855149479413417	1.45	I	3794	1	O	HOH	3.962	144.714	WATER	A	nan
3SSL	0.19855149479413417	1.45	I	3794	1	O	HOH	4.902	161.242	WATER	A	nan
4AW7	0.3752337422540634	1.33	I	4660	1	O	LEU	4.466	41.452	PROTEIN	A	E
4AW7	0.3752337422540634	1.33	I	4660	1	N	GLY	3.616	-1.000	PROTEIN	A	T
4AW7	0.3752337422540634	1.33	I	4660	1	O	GLY	4.581	51.084	PROTEIN	A	T
4AW7	0.3752337422540634	1.33	I	4660	1	N	VAL	4.047	43.770	PROTEIN	A	B
4AW7	0.3752337422540634	1.33	I	4660	1	O	ASP	4.494	119.109	PROTEIN	A	G
4AW7	0.3752337422540634	1.33	I	4660	1	O	HOH	4.506	115.104	WATER	A	nan
4AW7	0.3752337422540634	1.33	I	4660	1	O	HOH	3.967	75.003	WATER	A	nan
4AW7	0.3752337422540634	1.33	I	4660	1	O	HOH	2.863	139.273	WATER	A	nan
4AW7	0.29187800925378077	1.33	I	4661	1	O	LYS	4.398	49.322	PROTEIN	A	H
4AW7	0.29187800925378077	1.33	I	4661	1	NZ	LYS	4.691	99.100	PROTEIN	A	H
4AW7	0.29187800925378077	1.33	I	4661	1	N	HIS	4.594	77.669	PROTEIN	A	H
4AW7	0.29187800925378077	1.33	I	4661	1	ND1	HIS	4.400	119.223	PROTEIN	A	H
4AW7	0.29187800925378077	1.33	I	4661	1	NE2	HIS	3.916	148.400	PROTEIN	A	H
4AW7	0.29187800925378077	1.33	I	4661	1	ND2	ASN	3.398	-1.000	PROTEIN	A	T
4AW7	0.29187800925378077	1.33	I	4661	1	O	HOH	4.972	128.796	WATER	A	nan
4AW7	0.29187800925378077	1.33	I	4661	1	O	HOH	4.440	92.541	WATER	A	nan
6RBL	0.6373864260632569	1.9	CL	1665	1	N	SER	4.898	47.656	PROTEIN	A	-
6RBL	0.6373864260632569	1.9	CL	1665	1	N	ARG	3.722	-1.000	PROTEIN	A	-
4AW7	0.20340394177102464	1.33	I	4662	1	O	THR	4.807	139.322	PROTEIN	A	-
4AW7	0.20340394177102464	1.33	I	4662	1	N	ASN	4.351	145.552	PROTEIN	A	E
4AW7	0.20340394177102464	1.33	I	4662	1	O	ASN	4.280	123.547	PROTEIN	A	E
4AW7	0.20340394177102464	1.33	I	4662	1	N	SER	3.847	96.734	PROTEIN	A	E
4AW7	0.20340394177102464	1.33	I	4662	1	OG	SER	4.597	57.384	PROTEIN	A	E
4AW7	0.20340394177102464	1.33	I	4662	1	OG	SER	3.576	76.889	PROTEIN	A	E
4AW7	0.20340394177102464	1.33	I	4662	1	O	THR	4.217	54.563	PROTEIN	A	E
4AW7	0.20340394177102464	1.33	I	4662	1	N	SER	3.524	-1.000	PROTEIN	A	-
4AW7	0.20340394177102464	1.33	I	4662	1	O	HOH	2.732	105.789	WATER	A	nan
4AW7	0.21742950769052993	1.33	I	4663	1	NZ	LYS	3.766	44.237	PROTEIN	A	G
4AW7	0.21742950769052993	1.33	I	4663	1	O	GLN	4.382	50.626	PROTEIN	A	G
4AW7	0.21742950769052993	1.33	I	4663	1	O	ASP	3.863	103.064	PROTEIN	A	G
4AW7	0.21742950769052993	1.33	I	4663	1	N	ASN	4.577	76.250	PROTEIN	A	G
4AW7	0.21742950769052993	1.33	I	4663	1	N	LEU	3.833	45.803	PROTEIN	A	E
4AW7	0.21742950769052993	1.33	I	4663	1	O	LEU	3.698	-1.000	PROTEIN	A	E
4AW7	0.21742950769052993	1.33	I	4663	1	N	PHE	4.321	31.210	PROTEIN	A	E
4AW7	0.21742950769052993	1.33	I	4663	1	O	HOH	4.847	100.797	WATER	A	nan
4AW7	0.21742950769052993	1.33	I	4663	1	O	HOH	4.510	93.787	WATER	A	nan
4AW7	0.21742950769052993	1.33	I	4663	1	O	HOH	4.418	80.900	WATER	A	nan
4AW7	0.21742950769052993	1.33	I	4663	1	O	HOH	2.050	66.067	WATER	A	nan
4AW7	0.21742950769052993	1.33	I	4663	1	O	HOH	4.951	128.368	WATER	A	nan
4AW7	0.2741964901325087	1.33	I	4664	1	O	ASP	4.196	92.304	PROTEIN	A	T
4AW7	0.2741964901325087	1.33	I	4664	1	N	GLY	4.431	106.939	PROTEIN	A	T
4AW7	0.2741964901325087	1.33	I	4664	1	ND2	ASN	3.556	-1.000	PROTEIN	A	H
4AW7	0.2741964901325087	1.33	I	4664	1	N	TYR	3.995	64.960	PROTEIN	A	H
4AW7	0.2741964901325087	1.33	I	4664	1	NH1	ARG	4.633	67.255	PROTEIN	A	T
4AW7	0.2741964901325087	1.33	I	4664	1	O	HOH	4.888	52.020	WATER	A	nan
4AW7	0.2741964901325087	1.33	I	4664	1	O	HOH	3.447	75.106	WATER	A	nan
4AW7	0.3190650066996465	1.33	I	4665	1	O	GLY	4.937	70.282	PROTEIN	A	S
4AW7	0.3190650066996465	1.33	I	4665	1	N	VAL	3.767	-1.000	PROTEIN	A	-
4AW7	0.3190650066996465	1.33	I	4665	1	O	HOH	3.524	150.048	WATER	A	nan
4AW7	0.22567202036360415	1.33	I	4666	1	O	MET	3.685	114.473	PROTEIN	A	E
4AW7	0.22567202036360415	1.33	I	4666	1	N	ALA	4.392	103.304	PROTEIN	A	E
4AW7	0.22567202036360415	1.33	I	4666	1	N	SER	4.235	60.206	PROTEIN	A	E
4AW7	0.22567202036360415	1.33	I	4666	1	O	THR	4.126	48.739	PROTEIN	A	E
4AW7	0.22567202036360415	1.33	I	4666	1	OG1	THR	3.192	-1.000	PROTEIN	A	E
4AW7	0.22567202036360415	1.33	I	4666	1	N	SER	4.240	56.877	PROTEIN	A	E
4AW7	0.22567202036360415	1.33	I	4666	1	O	SER	4.985	83.829	PROTEIN	A	E
4AW7	0.22567202036360415	1.33	I	4666	1	N	SER	3.825	105.956	PROTEIN	A	S
4AW7	0.22567202036360415	1.33	I	4666	1	OG	SER	4.962	142.564	PROTEIN	A	S
4AW7	0.22567202036360415	1.33	I	4666	1	O	HOH	4.989	32.435	WATER	A	nan
4AW7	0.22567202036360415	1.33	I	4666	1	O	HOH	4.635	60.053	WATER	A	nan
4AW7	0.33069758506890445	1.33	I	4667	1	ND1	HIS	4.340	114.196	PROTEIN	A	-
4AW7	0.33069758506890445	1.33	I	4667	1	O	SER	4.395	109.625	PROTEIN	A	S
4AW7	0.33069758506890445	1.33	I	4667	1	N	ASN	4.970	98.095	PROTEIN	A	S
4AW7	0.33069758506890445	1.33	I	4667	1	OD1	ASN	3.930	48.742	PROTEIN	A	S
4AW7	0.33069758506890445	1.33	I	4667	1	ND2	ASN	4.505	68.243	PROTEIN	A	S
4AW7	0.33069758506890445	1.33	I	4667	1	N	PRO	4.928	60.893	PROTEIN	A	T
4AW7	0.33069758506890445	1.33	I	4667	1	ND2	ASN	3.606	-1.000	PROTEIN	A	-
4AW7	0.33069758506890445	1.33	I	4667	1	O	HOH	3.624	139.614	WATER	A	nan
4AW7	0.33069758506890445	1.33	I	4667	1	O	HOH	4.048	58.445	WATER	A	nan
4AW7	0.33069758506890445	1.33	I	4667	1	O	HOH	3.634	79.017	WATER	A	nan
4AW7	0.33069758506890445	1.33	I	4667	1	O	HOH	3.181	85.202	WATER	A	nan
4AW7	0.33069758506890445	1.33	I	4667	1	O	HOH	4.148	84.307	WATER	A	nan
4AW7	0.31368078471158994	1.33	I	4669	1	ND2	ASN	3.676	-1.000	PROTEIN	A	-
4AW7	0.31368078471158994	1.33	I	4669	1	O	ASN	4.588	78.291	PROTEIN	A	-
4AW7	0.31368078471158994	1.33	I	4669	1	ND2	ASN	4.071	77.144	PROTEIN	A	-
4AW7	0.31368078471158994	1.33	I	4669	1	O	ASN	4.141	144.053	PROTEIN	A	T
4AW7	0.31368078471158994	1.33	I	4669	1	N	THR	4.096	112.416	PROTEIN	A	-
4AW7	0.31368078471158994	1.33	I	4669	1	OG1	THR	4.966	82.147	PROTEIN	A	-
4AW7	0.31368078471158994	1.33	I	4669	1	O	HOH	3.330	97.811	WATER	A	nan
4AW7	0.43632139666176656	1.33	I	4670	1	OH	TYR	4.501	-1.000	PROTEIN	A	E
4AW7	0.43632139666176656	1.33	I	4670	1	O	HOH	3.558	38.552	WATER	A	nan
4AW7	0.5060503950009184	1.33	I	4671	1	OE2	GLU	3.779	-1.000	PROTEIN	A	S
4AW7	0.5060503950009184	1.33	I	4671	1	O	HOH	4.875	129.443	WATER	A	nan
1ROC	0.19133775371710926	1.5	BR	1237	1	N	GLY	4.477	60.177	PROTEIN	A	E
1ROC	0.19133775371710926	1.5	BR	1237	1	O	ARG	4.380	39.365	PROTEIN	A	E
1ROC	0.19133775371710926	1.5	BR	1237	1	NE	ARG	4.745	79.802	PROTEIN	A	E
1ROC	0.19133775371710926	1.5	BR	1237	1	NH1	ARG	3.411	77.462	PROTEIN	A	E
1ROC	0.19133775371710926	1.5	BR	1237	1	O	HOH	3.276	-1.000	WATER	A	nan
1ROC	0.19133775371710926	1.5	BR	1237	1	O	HOH	4.747	87.878	WATER	A	nan
1ROC	0.15280925296861797	1.5	BR	1238	1	O	LEU	4.469	112.075	PROTEIN	A	H
1ROC	0.15280925296861797	1.5	BR	1238	1	O	ASN	4.429	70.592	PROTEIN	A	E
1ROC	0.15280925296861797	1.5	BR	1238	1	N	GLU	4.985	45.031	PROTEIN	A	E
1ROC	0.15280925296861797	1.5	BR	1238	1	N	TYR	3.396	-1.000	PROTEIN	A	E
1ROC	0.15280925296861797	1.5	BR	1238	1	O	ARG	4.667	125.377	PROTEIN	A	H
1ROC	0.15280925296861797	1.5	BR	1238	1	O	HOH	4.962	95.954	WATER	A	nan
1ROC	0.15280925296861797	1.5	BR	1238	1	O	HOH	3.488	110.706	WATER	A	nan
1ROC	0.26125700507542715	1.5	BR	1239	1	O	ILE	4.938	79.221	PROTEIN	A	E
1ROC	0.26125700507542715	1.5	BR	1239	1	N	LEU	4.951	81.582	PROTEIN	A	-
1ROC	0.26125700507542715	1.5	BR	1239	1	O	LEU	3.983	50.713	PROTEIN	A	-
1ROC	0.26125700507542715	1.5	BR	1239	1	N	ALA	3.704	46.149	PROTEIN	A	T
1ROC	0.26125700507542715	1.5	BR	1239	1	N	GLU	3.389	-1.000	PROTEIN	A	T
1ROC	0.26125700507542715	1.5	BR	1239	1	N	LYS	4.372	38.310	PROTEIN	A	S
1ROC	0.26125700507542715	1.5	BR	1239	1	O	HOH	3.656	69.102	WATER	A	nan
1ROC	0.26125700507542715	1.5	BR	1239	1	O	HOH	3.706	122.925	WATER	A	nan
1ROC	0.6268172621771486	1.5	BR	1243	1	NZ	LYS	4.630	81.846	PROTEIN	A	E
1ROC	0.6268172621771486	1.5	BR	1243	1	OE1	GLU	4.650	36.426	PROTEIN	A	E
1ROC	0.6268172621771486	1.5	BR	1243	1	O	HOH	4.759	113.249	WATER	A	nan
1ROC	0.6268172621771486	1.5	BR	1243	1	O	HOH	3.170	-1.000	WATER	A	nan
